cluster_id,size,percentage,main_type,avg_release_year,top_rating
0,35,17.5,TV Show,2018.2285714285715,TV-Y7
1,26,13.0,Movie,2001.6153846153845,TV-PG
2,30,15.0,Movie,2004.7666666666667,PG-13
3,31,15.5,Movie,2008.3548387096773,PG-13
4,31,15.5,TV Show,2019.0,TV-MA
5,23,11.5,Movie,2016.8695652173913,PG-13
6,24,12.0,Movie,2016.125,TV-MA
